LogId,JobId,Package,Test,Error
493099355,664734829,eth/downloader,TestBoundedForkedSync63Fast,
492773086,664311644,whisper/whisperv6,TestSimulation,
492484019,663937626,les,TestHandshake,
492484020,663937627,eth/downloader,TestFakedSyncProgress62,
492484020,663937627,les,TestClientPoolL10C100P4,
492484020,663937627,les,TestClientPoolL40C200P30,
492475183,663926091,whisper/whisperv6,TestSimulation,
492466195,663914277,metrics,TestTimerFunc,
492410024,663840016,eth/downloader,TestBoundedHeavyForkedSync63Fast,
492326285,663730520,les,TestHandshake,
492326286,663730521,eth,TestBroadcastBlock,
492292073,663686349,cmd/geth,TestCustomGenesis,
492292073,663686349,cmd/geth,TestUnlockFlagPasswordFile,
492292073,663686349,cmd/geth,TestUnlockFlagPasswordFileWrongPassword,
492292073,663686349,cmd/geth,TestUnlockFlagAmbiguousWrongPassword,
492292073,663686349,cmd/geth,TestConsoleWelcome,
492292073,663686349,cmd/geth,TestIPCAttachWelcome,
492292073,663686349,cmd/geth,TestHTTPAttachWelcome,
492292073,663686349,cmd/geth,TestWSAttachWelcome,
492292074,663686350,les,TestClientPoolL10C100P4,
492292074,663686350,les,TestClientPoolL40C200P30,
492273804,663662647,les,TestHandshake,
492273808,663662653,metrics,TestTimerFunc,
492273808,663662653,eth/downloader,TestFakedSyncProgress62,
492146079,663497752,eth/downloader,TestBoundedHeavyForkedSync64Fast,
491764740,663003198,eth/downloader,TestBoundedHeavyForkedSync63Fast,
491764742,663003200,whisper/whisperv6,TestWatchers,
491744780,662976951,tests,TestState,
491744781,662976952,tests,TestState,
491744782,662976953,eth/downloader,TestBoundedHeavyForkedSync64Fast,
491744782,662976953,tests,TestState,
491744783,662976954,tests,TestState,
491744784,662976955,p2p/simulations,TestHTTPNodeRPC,
491744784,662976955,tests,TestState,
491701337,662920050,eth,TestBroadcastBlock,
491701337,662920050,eth/fetcher,TestInvalidNumberAnnouncement62,
491701337,662920050,accounts/abi/bind,TestGolangBindings,
491312133,662404679,whisper/whisperv6,TestMessageSeal,
491292160,662377753,eth,TestBroadcastBlock,
491286762,662370590,les,TestClientPoolL10C100P4,
491286762,662370590,les,TestClientPoolL40C200P30,
491256081,662328484,eth,TestBroadcastBlock,
491256084,662328487,les,TestReceiptsAccessLes2,
491138347,662166989,les,TestHandshake,
490941650,661911004,eth/fetcher,TestSequentialAnnouncements62,
490941650,661911004,miner,TestGenerateBlockAndImportClique,
490941650,661911004,p2p,TestPeerDisconnectRace,
490919063,661881558,les,TestHandshake,
490865095,661810344,metrics,TestTimerFunc,
490600675,661467369,accounts/keystore,TestWalletNotifications,
490600675,661467369,les,TestOdrContractCallLes2,
490248676,661012901,eth,TestCheckpointChallenge,
490248676,661012901,les,TestHandshake,
489917232,660584714,rpc,TestServerRegisterName,
489917233,660584716,rpc,TestServerRegisterName,
489917234,660584718,rpc,TestServerRegisterName,
489917235,660584719,rpc,TestServerRegisterName,
489917236,660584720,rpc,TestServerRegisterName,
489917236,660584720,accounts/keystore,TestWatchNewFile,
489894748,660555109,eth/fetcher,TestInvalidNumberAnnouncement62,
489890159,660549076,eth,TestCheckpointChallenge,
489423050,659942998,eth/downloader,TestBoundedForkedSync63Fast,
489423050,659942998,p2p/simulations,TestHTTPNodeRPC,
489381014,659888081,eth,TestBroadcastBlock,
489372915,659877432,eth/downloader,TestBoundedForkedSync64Fast,
489372919,659877436,core/rawdb,TestFreezerBasicsClosing,
489372919,659877436,les,TestOdrContractCallLes2,
489372919,659877436,metrics,TestTimerFunc,
489326115,659817119,p2p/discover,TestEndToEndV5,
489326118,659817122,p2p/discover,TestEndToEndV5,
489326119,659817123,les,TestOdrContractCallLes2,
489326119,659817123,les,TestHandshake,
488090844,658212770,rpc,TestClientCancelIPC,
488086058,658206459,metrics,TestTimerFunc,
488066707,658181113,les,TestCodeAccessLes2,
488010912,658108460,core/state/snapshot,TestMergeBasics,
488010912,658108460,core/state/snapshot,TestAccountIteratorBasics,
488010913,658108461,core/state/snapshot,TestMergeBasics,
488010913,658108461,core/state/snapshot,TestAccountIteratorBasics,
488010914,658108462,core/state/snapshot,TestMergeBasics,
488010914,658108462,core/state/snapshot,TestAccountIteratorBasics,
488010915,658108463,core/state/snapshot,TestMergeBasics,
488010915,658108463,core/state/snapshot,TestAccountIteratorBasics,
488010915,658108463,eth/downloader,TestBoundedForkedSync63Fast,
488010916,658108464,core/state/snapshot,TestMergeBasics,
488010916,658108464,core/state/snapshot,TestAccountIteratorBasics,
488010916,658108464,les,TestOdrGetReceiptsLes2,
488010916,658108464,metrics,TestTimerFunc,
487762813,657787283,core/state/snapshot,TestMergeBasics,
487762813,657787283,core/state/snapshot,TestAccountIteratorBasics,
487762814,657787284,core/state/snapshot,TestMergeBasics,
487762814,657787284,core/state/snapshot,TestAccountIteratorBasics,
487762814,657787284,tests,TestState,
487762815,657787285,core/state/snapshot,TestMergeBasics,
487762815,657787285,core/state/snapshot,TestAccountIteratorBasics,
487762815,657787285,tests,TestState,
487762816,657787286,core/state/snapshot,TestMergeBasics,
487762816,657787286,core/state/snapshot,TestAccountIteratorBasics,
487762816,657787286,tests,TestState,
487762817,657787287,core/state/snapshot,TestMergeBasics,
487762817,657787287,core/state/snapshot,TestAccountIteratorBasics,
487739616,657757888,contracts/checkpointoracle,TestCheckpointRegister,
487739616,657757888,core/state/snapshot,TestMergeBasics,
487739616,657757888,core/state/snapshot,TestAccountIteratorBasics,
487739616,657757888,les,TestGetBlockHeadersLes2,
487739616,657757888,light,TestNodeIterator,
487739616,657757888,light,TestOdrGetBlockLes2,
487739616,657757888,light,TestOdrGetReceiptsLes2,
487739616,657757888,light,TestOdrAccountsLes2,
487739616,657757888,light,TestOdrContractCallLes2,
487739617,657757889,tests,TestBlockchain,
487739617,657757889,tests,TestState,
487739617,657757889,contracts/checkpointoracle,TestCheckpointRegister,
487739617,657757889,core/state/snapshot,TestMergeBasics,
487739617,657757889,core/state/snapshot,TestAccountIteratorBasics,
487739617,657757889,les,TestGetBlockHeadersLes2,
487739617,657757889,light,TestOdrAccountsLes2,
487739617,657757889,light,TestOdrContractCallLes2,
487739617,657757889,light,TestNodeIterator,
487739617,657757889,light,TestOdrGetBlockLes2,
487739617,657757889,light,TestOdrGetReceiptsLes2,
487739618,657757890,contracts/checkpointoracle,TestCheckpointRegister,
487739618,657757890,core/state/snapshot,TestAccountIteratorBasics,
487739618,657757890,core/state/snapshot,TestMergeBasics,
487739618,657757890,les,TestGetBlockHeadersLes2,
487739618,657757890,light,TestOdrGetBlockLes2,
487739618,657757890,light,TestOdrGetReceiptsLes2,
487739618,657757890,light,TestOdrAccountsLes2,
487739618,657757890,light,TestOdrContractCallLes2,
487739618,657757890,light,TestNodeIterator,
487739618,657757890,tests,TestBlockchain,
487739618,657757890,tests,TestState,
487739619,657757891,contracts/checkpointoracle,TestCheckpointRegister,
487739619,657757891,core/state/snapshot,TestMergeBasics,
487739619,657757891,core/state/snapshot,TestAccountIteratorBasics,
487739619,657757891,les,TestGetBlockHeadersLes2,
487739619,657757891,light,TestOdrGetBlockLes2,
487739619,657757891,light,TestOdrGetReceiptsLes2,
487739619,657757891,light,TestOdrAccountsLes2,
487739619,657757891,light,TestOdrContractCallLes2,
487739619,657757891,light,TestNodeIterator,
487739619,657757891,tests,TestState,
487739619,657757891,tests,TestBlockchain,
487739620,657757892,contracts/checkpointoracle,TestCheckpointRegister,
487739620,657757892,core/state/snapshot,TestMergeBasics,
487739620,657757892,core/state/snapshot,TestAccountIteratorBasics,
487739620,657757892,les,TestGetBlockHeadersLes2,
487739620,657757892,light,TestOdrGetBlockLes2,
487739620,657757892,light,TestOdrGetReceiptsLes2,
487739620,657757892,light,TestOdrAccountsLes2,
487739620,657757892,light,TestOdrContractCallLes2,
487739620,657757892,light,TestNodeIterator,
487739620,657757892,tests,TestBlockchain,
487739620,657757892,tests,TestState,
487670382,657668514,accounts/keystore,TestWalletNotifications,
487662313,657657952,metrics,TestTimerFunc,
487662313,657657952,eth,TestCheckpointChallenge,
487638652,657626983,core,TestDeleteRecreateSlots,
487638652,657626983,core,TestDeleteRecreateAccount,
487638653,657626984,core,TestDeleteRecreateSlots,
487638653,657626984,core,TestDeleteRecreateAccount,
487638653,657626984,tests,TestState,
487638654,657626985,core,TestDeleteRecreateSlots,
487638654,657626985,core,TestDeleteRecreateAccount,
487638654,657626985,tests,TestState,
487638655,657626986,core,TestDeleteRecreateSlots,
487638655,657626986,core,TestDeleteRecreateAccount,
487638655,657626986,tests,TestState,
487638656,657626987,core,TestDeleteRecreateSlots,
487638656,657626987,core,TestDeleteRecreateAccount,
487638656,657626987,metrics,TestTimerFunc,
487638656,657626987,tests,TestState,
487469366,657407447,whisper/whisperv6,TestSimulation,
487469369,657407450,eth/downloader,TestFakedSyncProgress63Full,
487469370,657407451,metrics,TestTimerFunc,
487375946,657285722,core,TestDeleteRecreateSlots,
487375946,657285722,core,TestDeleteRecreateAccount,
487375947,657285723,core,TestDeleteRecreateSlots,
487375947,657285723,core,TestDeleteRecreateAccount,
487375948,657285724,core,TestDeleteRecreateSlots,
487375948,657285724,core,TestDeleteRecreateAccount,
487375949,657285725,core,TestDeleteRecreateSlots,
487375949,657285725,core,TestDeleteRecreateAccount,
487375949,657285725,eth/downloader,TestBoundedForkedSync63Fast,
487375950,657285726,core,TestDeleteRecreateSlots,
487375950,657285726,core,TestDeleteRecreateAccount,
487370654,657278729,core,TestDeleteRecreate,
487370654,657278729,whisper/whisperv6,TestSimulation,
487370655,657278730,core,TestDeleteRecreate,
487370656,657278731,core,TestDeleteRecreate,
487370657,657278732,core,TestDeleteRecreate,
487370658,657278733,core,TestDeleteRecreate,
487370658,657278733,eth,TestCheckpointChallenge,
487332050,657228045,consensus/ethash,TestRemoteMultiNotify,
487332050,657228045,eth/downloader,TestBoundedHeavyForkedSync64Fast,
487332050,657228045,whisper/whisperv6,TestMessageSeal,
487332052,657228046,p2p/simulations,TestHTTPNodeRPC,
487332052,657228046,rpc,TestClientCancelIPC,
487310362,657198928,whisper/whisperv6,TestSimulation,
487310365,657198931,les,TestOdrTxStatusLes2,
487310365,657198931,les,TestTrieEntryAccessLes3,
486799503,656530469,whisper/whisperv6,TestSimulation,
486799504,656530470,rpc,TestClientCancelWebsocket,
486214390,655771168,les,TestOdrTxStatusLes3,
486197158,655748760,whisper/whisperv6,TestSimulation,
486197160,655748762,les,TestOdrAccountsLes3,
486180823,655727593,whisper/whisperv6,TestSimulation,
486180831,655727597,les,TestReceiptsAccessLes3,
486171469,655715504,cmd/geth,TestPriorityClient,
485924179,655398834,eth,TestCheckpointChallenge,
485924179,655398834,les,TestOdrTxStatusLes2,
485913256,655384734,whisper/whisperv6,TestSimulation,
485892066,655357077,whisper/whisperv6,TestSimulation,
485827688,655273457,metrics,TestTimerFunc,
485604077,654985307,eth/downloader,TestBoundedHeavyForkedSync63Fast,
485604080,654985310,les,TestOdrTxStatusLes3,
485604080,654985310,eth/fetcher,TestInvalidNumberAnnouncement64,
485535996,654898025,whisper/whisperv6,TestSimulation,
485535998,654898027,eth,TestCheckpointChallenge,
485535998,654898027,les,TestCodeAccessLes3,
485490036,654838900,les,TestReceiptsAccessLes2,
485153907,654400139,eth/fetcher,TestInvalidNumberAnnouncement62,
485153247,654399301,eth/downloader,TestFakedSyncProgress62,
485153247,654399301,eth/downloader,TestBoundedHeavyForkedSync64Fast,
485138701,654380600,eth/fetcher,TestTransactionFetcherMissingRescheduling,
485138702,654380601,eth/fetcher,TestTransactionFetcherMissingRescheduling,
485138703,654380602,eth/fetcher,TestTransactionFetcherMissingRescheduling,
485138704,654380603,eth/fetcher,TestTransactionFetcherMissingRescheduling,
485138705,654380604,eth/fetcher,TestTransactionFetcherMissingRescheduling,
485138705,654380604,les,TestOdrContractCallLes2,
485029410,654238950,eth,TestForkIDSplit,
484675842,653777710,eth/fetcher,TestInvalidNumberAnnouncement62,
484467551,653505820,eth/downloader,TestBoundedForkedSync63Fast,
484437411,653466588,cmd/geth,TestWSAttachWelcome,
484333129,653330955,eth,TestBroadcastBlock,
484046363,652954876,eth,TestCheckpointChallenge,
484046363,652954876,rpc,TestClientCancelWebsocket,
484040939,652947830,les,TestCodeAccessLes3,
484037356,652943246,miner,TestGenerateBlockAndImportEthash,
484037360,652943250,eth,TestCheckpointChallenge,
484037360,652943250,les,TestOdrGetBlockLes2,
484034389,652939281,accounts/keystore,TestWatchNewFile,
484034389,652939281,rpc,TestClientCancelWebsocket,
484006770,652903031,les,TestOdrTxStatusLes3,
483995158,652887928,whisper/whisperv6,TestSimulation,
483995162,652887932,eth,TestCheckpointChallenge,
483995162,652887932,les,TestOdrTxStatusLes2,
483995162,652887932,les,TestReceiptsAccessLes3,
483971246,652856761,whisper/whisperv6,TestSimulation,
483971249,652856764,eth,TestBroadcastBlock,
483970958,652856376,eth/downloader,TestBoundedForkedSync63Fast,
483957967,652839386,eth/downloader,TestBoundedHeavyForkedSync63Fast,
483957968,652839387,whisper/whisperv6,TestSimulation,
483957969,652839388,eth,TestBroadcastBlock,
483957969,652839388,les,TestOdrGetBlockLes2,
483957969,652839388,metrics,TestTimerFunc,
483956490,652837348,eth/downloader,TestBoundedHeavyForkedSync63Fast,
483956491,652837350,core/rawdb,TestFreezerBasicsClosing,
483733665,652541225,whisper/whisperv6,TestSimulation,
483733668,652541228,les,TestTrieEntryAccessLes2,
483733668,652541228,metrics,TestTimerFunc,
483645674,652425108,whisper/whisperv6,TestExpiry,
483645676,652425110,eth,TestCheckpointChallenge,
483579025,652337989,eth/downloader,TestFakedSyncProgress64Full,
483579025,652337989,les,TestOdrGetReceiptsLes2,
483579025,652337989,rpc,TestClientCancelIPC,
483552313,652302618,eth/fetcher,TestEmptyBlockShortCircuit64,
483411563,652116242,eth,TestCheckpointChallenge,
483318865,651994918,eth/downloader,TestBoundedHeavyForkedSync63Fast,
483273622,651935000,eth,TestBroadcastBlock,
483273543,651934904,eth,TestCheckpointChallenge,
483271882,651932667,rpc,TestClientCancelIPC,
483081212,651680060,miner,TestGenerateBlockAndImportEthash,
483081215,651680063,whisper/whisperv6,TestMessageSeal,
483014257,651591378,eth,TestBroadcastBlock,
483014260,651591381,eth,TestCheckpointChallenge,
483014260,651591381,les,TestOdrTxStatusLes2,
483014260,651591381,les,TestTrieEntryAccessLes2,
482963291,651523981,rpc,TestClientCancelWebsocket,
482903419,651448061,les,TestReceiptsAccessLes3,
482903419,651448061,eth/fetcher,TestInvalidNumberAnnouncement62,
482899334,651442696,eth/downloader,TestBoundedForkedSync63Fast,
482898454,651441542,eth,TestForkIDSplit,
482898455,651441543,eth/downloader,TestBoundedHeavyForkedSync63Fast,
482898457,651441545,eth,TestBroadcastBlock,
482898458,651441546,les,TestOdrTxStatusLes3,
482898458,651441546,p2p/discover,TestUDPv4_findnode,
482882442,651420618,eth,TestCheckpointChallenge,
482863334,651396102,p2p/discover,TestUDPv4_findnode,
482841792,651368233,les,TestNodeDBExpiration,
482841793,651368234,rpc,TestClientCancelIPC,
482609496,651056968,rpc,TestClientCancelIPC,
482271065,650604094,eth/downloader,TestBoundedForkedSync63Fast,
482271066,650604095,eth,TestCheckpointChallenge,
482271066,650604095,whisper/whisperv6,TestCustomization,
482074221,650345067,rpc,TestClientCancelIPC,
482074221,650345067,rpc,TestClientCancelWebsocket,
482071840,650341960,les,TestNodeDBExpiration,
481997227,650243201,eth/downloader,TestBoundedForkedSync64Fast,
481997229,650243203,eth/downloader,TestBoundedForkedSync63Fast,
481817049,650005814,eth/fetcher,TestInvalidNumberAnnouncement62,
481817049,650005814,rpc,TestClientCancelIPC,
481759481,649930496,whisper/whisperv6,TestSimulation,
481759485,649930500,les,TestOdrAccountsLes2,
481759485,649930500,rpc,TestClientCancelWebsocket,
481725363,649885882,rpc,TestClientCancelWebsocket,
481711152,649867406,whisper/whisperv6,TestSimulation,
481415849,649477341,miner,TestGenerateBlockAndImportEthash,
481413227,649473909,eth,TestCheckpointChallenge,
481413227,649473909,les,TestBlockAccessLes3,
481366689,649412564,eth,TestCheckpointChallenge,
481366689,649412564,les,TestOdrGetBlockLes2,
481366689,649412564,les,TestOdrTxStatusLes2,
481365450,649410908,eth/downloader,TestFakedSyncProgress63Full,
481350758,649391285,eth/downloader,TestBoundedHeavyForkedSync63Fast,
481350759,649391286,eth,TestForkIDSplit,
481350762,649391289,les,TestOdrAccountsLes2,
481350762,649391289,rpc,TestClientCancelWebsocket,
481326802,649359467,les,TestOdrGetBlockLes2,
481325708,649357990,les,TestOdrContractCallLes2,
481325708,649357990,rpc,TestClientCancelWebsocket,
481325708,649357990,eth,TestCheckpointChallenge,
481317061,649346658,eth,TestCheckpointChallenge,
481317061,649346658,rpc,TestClientCancelWebsocket,
481260998,649270968,core/bloombits,TestSchedulerSingleClientMultiFetcher,
481260998,649270968,core/bloombits,TestSchedulerMultiClientSingleFetcher,
481260998,649270968,core/bloombits,TestSchedulerMultiClientMultiFetcher,
481260998,649270968,core/bloombits,TestMatcherContinuous,
481260998,649270968,core/bloombits,TestMatcherIntermittent,
481260998,649270968,core/bloombits,TestMatcherRandom,
481260998,649270968,core/bloombits,TestMatcherShifted,
481260998,649270968,core/bloombits,TestSchedulerSingleClientSingleFetcher,
481246780,649251959,accounts/keystore,TestWalletNotifications,
481075846,649025122,eth,TestCheckpointChallenge,
481075846,649025122,les,TestOdrTxStatusLes3,
481075846,649025122,les,TestCodeAccessLes2,
481036626,648973962,cmd/geth,TestWSAttachWelcome,
481036626,648973962,les,TestOdrContractCallLes2,
481032619,648968660,cmd/geth,TestUnlockFlagAmbiguous,
481032619,648968660,les,TestReceiptsAccessLes3,
481032619,648968660,metrics,TestTimerFunc,
481009036,648937839,eth/downloader,TestBoundedHeavyForkedSync63Fast,
481009037,648937846,eth,TestCheckpointChallenge,
481009037,648937846,cmd/geth,TestHTTPAttachWelcome,
480957971,648870963,eth,TestCheckpointChallenge,
480955404,648867602,miner,TestGenerateBlockAndImportEthash,
480955408,648867606,eth/downloader,TestFakedSyncProgress62,
480931982,648836124,les,TestNodeDBExpiration,
480924738,648826520,eth/downloader,TestBoundedHeavyForkedSync63Fast,
480905607,648801304,les,TestOdrAccountsLes2,
480905607,648801304,les,TestCodeAccessLes2,
480690154,648517528,eth,TestCheckpointChallenge,
480690154,648517528,les,TestOdrGetReceiptsLes2,
480610175,648412212,whisper/whisperv6,TestSimulation,
480610177,648412214,eth,TestForkIDSplit,
480562575,648348583,eth/downloader,TestFakedSyncProgress64Full,
480562577,648348585,metrics,TestTimerFunc,
480369975,648093662,eth/downloader,TestBoundedHeavyForkedSync63Fast,
480369977,648093664,les,TestOdrAccountsLes3,
480369977,648093664,metrics,TestTimerFunc,
480353207,648071344,eth,TestCheckpointChallenge,
480353207,648071344,eth,TestBroadcastBlock,
480353207,648071344,les,TestOdrContractCallLes2,
480353207,648071344,les,TestTrieEntryAccessLes2,
480353207,648071344,metrics,TestTimerFunc,
480348470,648064920,les,TestOdrContractCallLes3,
480347346,648063410,whisper/whisperv6,TestSimulation,
480347347,648063413,les,TestClientPoolL40C200P30,
479929142,647502686,miner,TestGenerateBlockAndImportEthash,
479929146,647502690,rpc,TestClientCancelWebsocket,
479736210,647250554,les,TestOdrAccountsLes3,
479736210,647250554,les,TestOdrContractCallLes2,
479736210,647250554,les,TestClientPoolL10C100P4,
479736210,647250554,rpc,TestClientCancelIPC,
479736210,647250554,rpc,TestClientCancelWebsocket,
479551380,647005227,p2p/simulations,TestHTTPNodeRPC,
479551380,647005227,rpc,TestClientCancelIPC,
479525382,646971321,miner,TestGenerateBlockAndImportEthash,
479525385,646971326,cmd/geth,TestCustomGenesis,
479519088,646963155,miner,TestGenerateBlockAndImportEthash,
479519090,646963157,eth/downloader,TestBoundedHeavyForkedSync63Fast,
479519091,646963158,eth/downloader,TestBoundedForkedSync63Fast,
479519092,646963159,miner,TestGenerateBlockAndImportEthash,
479463012,646889784,eth,TestSendTransactions63,
479463012,646889784,eth,TestSendTransactions64,
479463012,646889784,eth,TestSendTransactions65,
479463013,646889785,eth,TestSendTransactions63,
479463013,646889785,eth,TestSendTransactions65,
479463014,646889786,eth,TestSendTransactions63,
479463014,646889786,eth,TestSendTransactions64,
479463014,646889786,eth,TestSendTransactions65,
479463015,646889787,eth,TestSendTransactions65,
479463016,646889788,eth,TestSendTransactions63,
479463016,646889788,eth,TestSendTransactions64,
479463016,646889788,eth,TestSendTransactions65,
479463016,646889788,rpc,TestClientCancelIPC,
479404235,646812583,eth,TestSendTransactions63,
479404235,646812583,eth,TestSendTransactions64,
479404236,646812586,eth,TestSendTransactions63,
479404236,646812586,eth,TestSendTransactions64,
479404237,646812587,eth,TestSendTransactions63,
479404237,646812587,eth,TestSendTransactions64,
479404237,646812587,eth,TestSendTransactions65,
479404238,646812589,eth,TestSendTransactions63,
479404238,646812589,eth,TestSendTransactions64,
479404238,646812589,eth,TestSendTransactions65,
479404239,646812592,eth,TestCheckpointChallenge,
479404239,646812592,eth,TestSendTransactions63,
479404239,646812592,eth,TestSendTransactions64,
479404239,646812592,eth,TestSendTransactions65,
